BinhLuan,Nhan
Sản phẩm rất tốt luôn,1
Giao hàng rất xịn xò ủng hộ tiếp,1
"Giao sai mẫu sai màu, nhắn tin hoàn hàng thì shop không thèm rep.",0
Shop siêu đáng tiền ủng hộ tiếp,1
Giao hàng cực kỳ chắc chắn luôn,1
"Vải mỏng dính như tờ giấy, đường chỉ may lỗi tùm lum, thất vọng.",0
"Giao sai mẫu sai màu, nhắn tin hoàn hàng thì shop không thèm rep.",0
Thái độ quá chậm 😡,0
Giao hàng thật sự đẹp nhé,1
Đế giày hơi đắt 😡,0
Chất lượng vô cùng nhanh ưng bụng,1
Shop siêu nhanh ❤️,1
Màu sắc rất nhanh ưng bụng,1
Thái độ rất lỗi không mua nữa,0
"Đáng tiền cực kỳ, săn được đợt sale giá rẻ mà hàng nhận xịn xò lắm.",1
Chất vải thật sự mỏng không mua nữa,0
Giá cả siêu nhiệt tình ưng bụng,1
Đóng gói rất nhiệt tình chúc shop đắt hàng,1
Màu sắc rất đáng tiền chúc shop đắt hàng,1
"Shop tư vấn size nhiệt tình dễ thương, sẽ ủng hộ thêm nhiều lần.",1
Đóng gói siêu xịn xò ưng bụng,1
"Vải mỏng dính như tờ giấy, đường chỉ may lỗi tùm lum, thất vọng.",0
Sản phẩm hoàn toàn lỗi thất vọng,0
"Giao hàng nhanh siêu cấp tốc, đóng gói cẩn thận 2 lớp chống sốc.",1
"Lừa đảo nha mọi người, hàng nhận về không giống mô tả tí nào cả.",0
Đế giày cực kỳ đắt 😡,0
Đế giày hơi nhỏ trả hàng gấp,0
Giá cả cực kỳ đáng tiền ủng hộ tiếp,1
Giao hàng hơi rách !,0
Giao hàng quá nhỏ phí tiền,0
Chất vải hơi rách né gấp nha,0
Sản phẩm rất chậm lừa đảo,0
Sản phẩm khá thơm ủng hộ tiếp,1
Chất vải cực kỳ xịn xò 5 sao,1
"Giao sai mẫu sai màu, nhắn tin hoàn hàng thì shop không thèm rep.",0
Chất vải vô cùng chắc chắn nha,1
Thái độ thật sự bẩn né gấp nha,0
Giao hàng hơi lỗi !,0
"Nhận hàng ưng bụng dã man, thơm phức luôn, cho shop 5 sao!",1
Thái độ thật sự bẩn !,0
"Nhận hàng ưng bụng dã man, thơm phức luôn, cho shop 5 sao!",1
Giao hàng cực kỳ tốt ủng hộ tiếp,1
"Lừa đảo nha mọi người, hàng nhận về không giống mô tả tí nào cả.",0
Sản phẩm thật sự tốt ưng bụng,1
Đóng gói hơi chậm 😡,0
Shop rất bẩn 😡,0
Sản phẩm quá chậm !,0
Kích thước hơi bẩn lừa đảo,0
Giao hàng vô cùng đẹp ❤️,1
Giá cả vô cùng xịn xò nha,1
Kích thước hoàn toàn rách !,0
"Đóng gói hời hợt làm hộp móp méo, sản phẩm bên trong bị trầy xước.",0
"Đóng gói hời hợt làm hộp móp méo, sản phẩm bên trong bị trầy xước.",0
"Nhận hàng ưng bụng dã man, thơm phức luôn, cho shop 5 sao!",1
Chất vải khá thơm chúc shop đắt hàng,1
"Giao sai mẫu sai màu, nhắn tin hoàn hàng thì shop không thèm rep.",0
Chất vải hoàn toàn đắt !,0
Đế giày hơi tệ thất vọng,0
Sản phẩm khá chắc chắn ưng bụng,1
Chất vải hoàn toàn rách phí tiền,0
Sản phẩm khá tốt luôn,1
"Giao sai mẫu sai màu, nhắn tin hoàn hàng thì shop không thèm rep.",0
"Đáng tiền cực kỳ, săn được đợt sale giá rẻ mà hàng nhận xịn xò lắm.",1
Shop vô cùng xịn xò nha,1
Đế giày hơi rách !,0
Shop siêu tốt 5 sao,1
Giao hàng vô cùng chuẩn form nha,1
Shop quá tệ né gấp nha,0
"Đáng tiền cực kỳ, săn được đợt sale giá rẻ mà hàng nhận xịn xò lắm.",1
Chất lượng siêu chuẩn form nha,1
Chất lượng khá xịn xò chúc shop đắt hàng,1
"Đóng gói hời hợt làm hộp móp méo, sản phẩm bên trong bị trầy xước.",0
Shop rất xịn xò luôn,1
Sản phẩm rất chuẩn form nha,1
Kích thước hơi khó chịu !,0
Kích thước quá bẩn 😡,0
Kích thước hơi chậm phí tiền,0
Chất vải quá nhỏ thất vọng,0
Chất vải rất đẹp luôn,1
"Lừa đảo nha mọi người, hàng nhận về không giống mô tả tí nào cả.",0
Chất vải thật sự rách không mua nữa,0
"Lừa đảo nha mọi người, hàng nhận về không giống mô tả tí nào cả.",0
Giao hàng vô cùng xịn xò 5 sao,1
Giá cả vô cùng đáng tiền nha,1
Sản phẩm thật sự đáng tiền chúc shop đắt hàng,1
Shop cực kỳ đắt trả hàng gấp,0
Giá cả rất chuẩn form ủng hộ tiếp,1
Màu sắc siêu đáng tiền ưng bụng,1
Kích thước thật sự đắt không mua nữa,0
Thái độ quá lỗi !,0
Giao hàng hoàn toàn khác hình lừa đảo,0
Màu sắc siêu chuẩn form ❤️,1
Chất vải khá chắc chắn ❤️,1
Shop hơi lỗi không mua nữa,0
Chất lượng cực kỳ xịn xò ưng bụng,1
"Nhận hàng ưng bụng dã man, thơm phức luôn, cho shop 5 sao!",1
"Đóng gói hời hợt làm hộp móp méo, sản phẩm bên trong bị trầy xước.",0
Màu sắc cực kỳ nhiệt tình nhé,1
Chất vải rất khác hình né gấp nha,0
Sản phẩm thật sự lỗi thất vọng,0
"Shop tư vấn size nhiệt tình dễ thương, sẽ ủng hộ thêm nhiều lần.",1
Giao hàng thật sự khó chịu trả hàng gấp,0
Kích thước rất chậm không mua nữa,0
Chất lượng siêu tốt nha,1
Chất vải vô cùng nhanh nhé,1
Màu sắc cực kỳ đáng tiền ❤️,1
"Đợi giao hàng mất hơn 10 ngày mà nhận về sản phẩm lỗi, phí tiền.",0
Giao hàng cực kỳ rách phí tiền,0
Đóng gói quá mỏng phí tiền,0
Đế giày quá mỏng 😡,0
Chất lượng khá xịn xò ưng bụng,1
Giao hàng quá khác hình 😡,0
Thái độ thật sự nhỏ thất vọng,0
"Lừa đảo nha mọi người, hàng nhận về không giống mô tả tí nào cả.",0
Sản phẩm thật sự nhiệt tình ưng bụng,1
Thái độ cực kỳ nhỏ phí tiền,0
Giao hàng siêu thơm ủng hộ tiếp,1
Giao hàng hơi khó chịu !,0
Shop thật sự đáng tiền luôn,1
Chất lượng thật sự đẹp luôn,1
Sản phẩm thật sự nhiệt tình luôn,1
Chất vải cực kỳ khó chịu lừa đảo,0
Đóng gói hơi mỏng !,0
Giao hàng quá rách thất vọng,0
Đế giày quá lỗi lừa đảo,0
Chất lượng vô cùng đẹp ưng bụng,1
"Vải mỏng dính như tờ giấy, đường chỉ may lỗi tùm lum, thất vọng.",0
Giao hàng rất chắc chắn 5 sao,1
Thái độ quá chậm thất vọng,0
Shop hơi mỏng !,0
"Chất lượng sản phẩm tuyệt vời, vải dày dặn mặc cực thích nha.",1
Đế giày thật sự lỗi lừa đảo,0
Shop cực kỳ xịn xò 5 sao,1
"Lừa đảo nha mọi người, hàng nhận về không giống mô tả tí nào cả.",0
Shop siêu tốt ủng hộ tiếp,1
"Chất lượng sản phẩm tuyệt vời, vải dày dặn mặc cực thích nha.",1
Chất vải rất bẩn 😡,0
Màu sắc thật sự đáng tiền ưng bụng,1
"Vải mỏng dính như tờ giấy, đường chỉ may lỗi tùm lum, thất vọng.",0
Đóng gói quá mỏng !,0
"Đóng gói hời hợt làm hộp móp méo, sản phẩm bên trong bị trầy xước.",0
Chất vải cực kỳ nhiệt tình ưng bụng,1
Chất vải quá khác hình không mua nữa,0
Màu sắc thật sự chuẩn form chúc shop đắt hàng,1
Shop khá đẹp ưng bụng,1
Chất lượng cực kỳ tốt ưng bụng,1
"Đóng gói hời hợt làm hộp móp méo, sản phẩm bên trong bị trầy xước.",0
Kích thước quá khó chịu phí tiền,0
Giao hàng rất đáng tiền nhé,1
Sản phẩm thật sự xịn xò ưng bụng,1
"Giao hàng nhanh siêu cấp tốc, đóng gói cẩn thận 2 lớp chống sốc.",1
Shop thật sự tốt ❤️,1
Chất vải cực kỳ chậm phí tiền,0
Đóng gói thật sự tốt ❤️,1
Shop rất thơm chúc shop đắt hàng,1
Chất vải cực kỳ rách lừa đảo,0
Thái độ cực kỳ lỗi né gấp nha,0
Giao hàng thật sự đắt lừa đảo,0
"Chất lượng sản phẩm tuyệt vời, vải dày dặn mặc cực thích nha.",1
Sản phẩm rất chậm !,0
Giao hàng hoàn toàn mỏng 😡,0
"Giao hàng nhanh siêu cấp tốc, đóng gói cẩn thận 2 lớp chống sốc.",1
"Giao hàng nhanh siêu cấp tốc, đóng gói cẩn thận 2 lớp chống sốc.",1
Sản phẩm khá chuẩn form chúc shop đắt hàng,1
"Shop tư vấn size nhiệt tình dễ thương, sẽ ủng hộ thêm nhiều lần.",1
Chất vải hoàn toàn mỏng trả hàng gấp,0
Giao hàng rất nhiệt tình nha,1
Shop rất mỏng thất vọng,0
Đóng gói vô cùng đáng tiền chúc shop đắt hàng,1
Thái độ hoàn toàn khó chịu trả hàng gấp,0
Đế giày quá tệ né gấp nha,0
Đế giày thật sự khác hình trả hàng gấp,0
Chất vải cực kỳ đắt trả hàng gấp,0
Shop khá thơm nha,1
Shop hoàn toàn chậm thất vọng,0
Kích thước rất lỗi !,0
Shop khá tốt chúc shop đắt hàng,1
"Đóng gói hời hợt làm hộp móp méo, sản phẩm bên trong bị trầy xước.",0
"Đóng gói hời hợt làm hộp móp méo, sản phẩm bên trong bị trầy xước.",0
"Lừa đảo nha mọi người, hàng nhận về không giống mô tả tí nào cả.",0
Đóng gói thật sự khác hình lừa đảo,0
"Nhận hàng ưng bụng dã man, thơm phức luôn, cho shop 5 sao!",1
Sản phẩm rất thơm luôn,1
Thái độ cực kỳ bẩn !,0
Đóng gói hoàn toàn lỗi !,0
Thái độ rất khó chịu thất vọng,0
Giao hàng rất xịn xò 5 sao,1
Đóng gói quá chậm né gấp nha,0
"Đóng gói hời hợt làm hộp móp méo, sản phẩm bên trong bị trầy xước.",0
"Nhận hàng ưng bụng dã man, thơm phức luôn, cho shop 5 sao!",1
Chất lượng khá chắc chắn ủng hộ tiếp,1
Đóng gói siêu tốt 5 sao,1
Màu sắc thật sự nhiệt tình luôn,1
Shop rất đẹp chúc shop đắt hàng,1
Chất vải cực kỳ tốt chúc shop đắt hàng,1
Kích thước hơi đắt né gấp nha,0
Giá cả siêu chắc chắn ưng bụng,1
Đóng gói siêu tốt luôn,1
Giá cả thật sự chắc chắn luôn,1
Đóng gói quá rách !,0
Giá cả khá nhiệt tình nhé,1
Sản phẩm rất nhỏ phí tiền,0
Đế giày cực kỳ lỗi không mua nữa,0
Shop khá tốt ❤️,1
"Giao hàng nhanh siêu cấp tốc, đóng gói cẩn thận 2 lớp chống sốc.",1
Giá cả cực kỳ đẹp ❤️,1
Đóng gói rất đáng tiền nhé,1
Shop khá thơm ưng bụng,1
Sản phẩm rất nhiệt tình chúc shop đắt hàng,1
Chất lượng thật sự chuẩn form 5 sao,1
Giá cả vô cùng nhiệt tình ưng bụng,1
"Nhận hàng ưng bụng dã man, thơm phức luôn, cho shop 5 sao!",1
Giao hàng thật sự tốt chúc shop đắt hàng,1
Chất lượng thật sự đáng tiền ủng hộ tiếp,1
"Nhận hàng ưng bụng dã man, thơm phức luôn, cho shop 5 sao!",1
Sản phẩm hơi chậm !,0
Giao hàng cực kỳ nhanh nhé,1
Đóng gói siêu nhanh luôn,1
Sản phẩm quá tệ lừa đảo,0
Màu sắc thật sự chuẩn form nhé,1
Thái độ thật sự nhỏ không mua nữa,0
Đế giày quá đắt không mua nữa,0
Chất lượng khá chuẩn form ❤️,1
Thái độ hơi chậm thất vọng,0
Kích thước quá bẩn né gấp nha,0
Chất lượng khá thơm chúc shop đắt hàng,1
Chất vải thật sự đắt !,0
Chất vải rất mỏng !,0
"Chất lượng sản phẩm tuyệt vời, vải dày dặn mặc cực thích nha.",1
Chất lượng siêu đẹp ủng hộ tiếp,1
Giao hàng thật sự đẹp nhé,1
Giao hàng khá thơm chúc shop đắt hàng,1
"Giao hàng nhanh siêu cấp tốc, đóng gói cẩn thận 2 lớp chống sốc.",1
Màu sắc rất đẹp ❤️,1
Kích thước hoàn toàn rách không mua nữa,0
Shop hoàn toàn lỗi 😡,0
Kích thước hoàn toàn khác hình thất vọng,0
Kích thước rất khó chịu né gấp nha,0
Giao hàng quá mỏng thất vọng,0
Thái độ rất nhỏ phí tiền,0
Chất lượng vô cùng chuẩn form chúc shop đắt hàng,1
"Nhận hàng ưng bụng dã man, thơm phức luôn, cho shop 5 sao!",1
Chất vải thật sự đẹp ❤️,1
"Shop tư vấn size nhiệt tình dễ thương, sẽ ủng hộ thêm nhiều lần.",1
Thái độ cực kỳ chậm né gấp nha,0
Đóng gói rất xịn xò nhé,1
Thái độ rất mỏng thất vọng,0
"Đóng gói hời hợt làm hộp móp méo, sản phẩm bên trong bị trầy xước.",0
Chất vải cực kỳ xịn xò ❤️,1
Đóng gói hoàn toàn mỏng !,0
Màu sắc vô cùng thơm luôn,1
Thái độ hoàn toàn khó chịu lừa đảo,0
Kích thước rất lỗi lừa đảo,0
Giao hàng hoàn toàn khó chịu không mua nữa,0
Giao hàng cực kỳ đắt !,0
Chất lượng cực kỳ đáng tiền nhé,1
Đóng gói hoàn toàn đắt !,0
Giao hàng rất tốt ưng bụng,1
"Giao hàng nhanh siêu cấp tốc, đóng gói cẩn thận 2 lớp chống sốc.",1
Shop rất đẹp nhé,1
Giá cả cực kỳ đáng tiền ưng bụng,1
Sản phẩm cực kỳ khó chịu lừa đảo,0
Thái độ hơi rách né gấp nha,0
Shop rất chắc chắn ủng hộ tiếp,1
"Vải mỏng dính như tờ giấy, đường chỉ may lỗi tùm lum, thất vọng.",0
Shop vô cùng đẹp chúc shop đắt hàng,1
Shop rất mỏng lừa đảo,0
Sản phẩm quá nhỏ !,0
Đế giày quá nhỏ !,0
Shop cực kỳ nhiệt tình nha,1
Sản phẩm siêu đẹp ❤️,1
"Giao sai mẫu sai màu, nhắn tin hoàn hàng thì shop không thèm rep.",0
Giá cả cực kỳ đáng tiền ủng hộ tiếp,1
"Đóng gói hời hợt làm hộp móp méo, sản phẩm bên trong bị trầy xước.",0
Đóng gói hoàn toàn tệ trả hàng gấp,0
Kích thước quá mỏng không mua nữa,0
Chất lượng khá nhiệt tình luôn,1
Kích thước cực kỳ tệ né gấp nha,0
Shop thật sự nhỏ né gấp nha,0
Chất vải siêu đáng tiền nha,1
Chất lượng vô cùng nhiệt tình luôn,1
Sản phẩm thật sự đắt né gấp nha,0
Kích thước quá lỗi 😡,0
Chất vải siêu chắc chắn ❤️,1
"Vải mỏng dính như tờ giấy, đường chỉ may lỗi tùm lum, thất vọng.",0
Đế giày rất tệ !,0
Thái độ hơi khác hình lừa đảo,0
Shop cực kỳ chắc chắn 5 sao,1
Shop quá đắt 😡,0
Sản phẩm khá chắc chắn ❤️,1
Chất vải hoàn toàn đắt !,0
"Shop tư vấn size nhiệt tình dễ thương, sẽ ủng hộ thêm nhiều lần.",1
Chất lượng rất chắc chắn ❤️,1
Đóng gói quá tệ lừa đảo,0
Chất lượng rất chắc chắn nhé,1
Sản phẩm quá bẩn thất vọng,0
Chất lượng siêu nhiệt tình ưng bụng,1
Giá cả siêu đáng tiền luôn,1
Chất lượng rất đẹp nha,1
"Chất lượng sản phẩm tuyệt vời, vải dày dặn mặc cực thích nha.",1
"Vải mỏng dính như tờ giấy, đường chỉ may lỗi tùm lum, thất vọng.",0
Sản phẩm vô cùng đẹp nhé,1
Shop thật sự nhỏ !,0
Màu sắc khá đẹp ưng bụng,1
Shop hơi đắt !,0
Shop siêu đẹp ủng hộ tiếp,1
Đóng gói thật sự khó chịu thất vọng,0
"Nhận hàng ưng bụng dã man, thơm phức luôn, cho shop 5 sao!",1
"Vải mỏng dính như tờ giấy, đường chỉ may lỗi tùm lum, thất vọng.",0
Giao hàng thật sự khác hình thất vọng,0
Đế giày hoàn toàn khó chịu 😡,0
"Đợi giao hàng mất hơn 10 ngày mà nhận về sản phẩm lỗi, phí tiền.",0
Chất vải vô cùng đáng tiền ưng bụng,1
Giá cả thật sự nhiệt tình ❤️,1
Sản phẩm thật sự thơm chúc shop đắt hàng,1
Kích thước quá tệ trả hàng gấp,0
Sản phẩm vô cùng đáng tiền 5 sao,1
Chất vải khá nhanh ❤️,1
"Shop tư vấn size nhiệt tình dễ thương, sẽ ủng hộ thêm nhiều lần.",1
Sản phẩm siêu đẹp ❤️,1
Đế giày thật sự khó chịu thất vọng,0
Đóng gói quá lỗi 😡,0
Chất vải hơi bẩn lừa đảo,0
Đóng gói vô cùng nhanh ưng bụng,1
Sản phẩm cực kỳ đẹp 5 sao,1
Chất lượng khá chuẩn form luôn,1
Shop vô cùng nhanh luôn,1
Đế giày hơi mỏng thất vọng,0
Đế giày thật sự tệ phí tiền,0
"Giao sai mẫu sai màu, nhắn tin hoàn hàng thì shop không thèm rep.",0
"Shop tư vấn size nhiệt tình dễ thương, sẽ ủng hộ thêm nhiều lần.",1
"Đợi giao hàng mất hơn 10 ngày mà nhận về sản phẩm lỗi, phí tiền.",0
"Đáng tiền cực kỳ, săn được đợt sale giá rẻ mà hàng nhận xịn xò lắm.",1
Sản phẩm hơi tệ trả hàng gấp,0
Giá cả rất nhanh nha,1
Đóng gói vô cùng thơm luôn,1
Chất vải hoàn toàn khó chịu né gấp nha,0
Kích thước hơi rách phí tiền,0
Shop khá thơm chúc shop đắt hàng,1
Màu sắc rất đáng tiền 5 sao,1
Đế giày rất tệ né gấp nha,0
Chất vải cực kỳ chắc chắn nhé,1
Sản phẩm cực kỳ nhỏ trả hàng gấp,0
Đế giày thật sự mỏng phí tiền,0
"Vải mỏng dính như tờ giấy, đường chỉ may lỗi tùm lum, thất vọng.",0
Shop thật sự khác hình phí tiền,0
Đóng gói rất đáng tiền luôn,1
Đóng gói siêu nhanh luôn,1
Sản phẩm vô cùng chắc chắn luôn,1
Shop hơi khó chịu 😡,0
Thái độ thật sự tệ né gấp nha,0
Chất vải cực kỳ mỏng lừa đảo,0
Màu sắc khá nhanh ưng bụng,1
Shop khá nhiệt tình nhé,1
Thái độ rất khác hình thất vọng,0
Chất vải rất thơm luôn,1
Kích thước hơi mỏng phí tiền,0
Giao hàng thật sự đáng tiền ❤️,1
"Đóng gói hời hợt làm hộp móp méo, sản phẩm bên trong bị trầy xước.",0
Giao hàng cực kỳ tốt ưng bụng,1
Shop rất nhanh ❤️,1
Chất lượng cực kỳ nhiệt tình ❤️,1
"Giao sai mẫu sai màu, nhắn tin hoàn hàng thì shop không thèm rep.",0
"Chất lượng sản phẩm tuyệt vời, vải dày dặn mặc cực thích nha.",1
Chất vải hoàn toàn tệ thất vọng,0
"Nhận hàng ưng bụng dã man, thơm phức luôn, cho shop 5 sao!",1
Đóng gói rất chắc chắn ưng bụng,1
Shop thật sự khó chịu !,0
Thái độ thật sự khó chịu không mua nữa,0
Đóng gói khá đáng tiền ủng hộ tiếp,1
"Đáng tiền cực kỳ, săn được đợt sale giá rẻ mà hàng nhận xịn xò lắm.",1
Giá cả siêu tốt nha,1
Sản phẩm thật sự nhanh nhé,1
"Lừa đảo nha mọi người, hàng nhận về không giống mô tả tí nào cả.",0
Chất vải siêu đẹp nhé,1
Chất vải cực kỳ thơm 5 sao,1
Giá cả thật sự chắc chắn ❤️,1
Shop rất khó chịu trả hàng gấp,0
Chất vải hoàn toàn chậm né gấp nha,0
"Lừa đảo nha mọi người, hàng nhận về không giống mô tả tí nào cả.",0
Đóng gói cực kỳ mỏng phí tiền,0
Chất vải quá rách phí tiền,0
"Đợi giao hàng mất hơn 10 ngày mà nhận về sản phẩm lỗi, phí tiền.",0
Đóng gói siêu đáng tiền 5 sao,1
Kích thước thật sự đắt phí tiền,0
Chất vải quá tệ phí tiền,0
"Nhận hàng ưng bụng dã man, thơm phức luôn, cho shop 5 sao!",1
Giao hàng rất chuẩn form ủng hộ tiếp,1
Shop quá tệ lừa đảo,0
"Shop tư vấn size nhiệt tình dễ thương, sẽ ủng hộ thêm nhiều lần.",1
Giao hàng cực kỳ rách không mua nữa,0
Giao hàng quá mỏng phí tiền,0
"Vải mỏng dính như tờ giấy, đường chỉ may lỗi tùm lum, thất vọng.",0
Sản phẩm rất đáng tiền ưng bụng,1
Giao hàng thật sự chuẩn form luôn,1
Chất lượng khá xịn xò nhé,1
Đóng gói thật sự tốt 5 sao,1
Đế giày rất tệ phí tiền,0
Kích thước cực kỳ đắt thất vọng,0
"Đóng gói hời hợt làm hộp móp méo, sản phẩm bên trong bị trầy xước.",0
Giao hàng rất đắt trả hàng gấp,0
Đóng gói cực kỳ tốt nhé,1
Đế giày thật sự rách 😡,0
Màu sắc cực kỳ tốt ủng hộ tiếp,1
Đóng gói hoàn toàn tệ phí tiền,0
Sản phẩm hơi chậm phí tiền,0
Shop quá tệ phí tiền,0
Kích thước cực kỳ mỏng trả hàng gấp,0
Đóng gói cực kỳ chuẩn form ưng bụng,1
Kích thước hơi rách lừa đảo,0
Đế giày rất bẩn thất vọng,0
Thái độ hoàn toàn khó chịu thất vọng,0
Shop cực kỳ lỗi 😡,0
Shop rất nhiệt tình nha,1
Thái độ quá rách trả hàng gấp,0
Shop hoàn toàn chậm không mua nữa,0
Màu sắc cực kỳ chuẩn form nhé,1
"Giao hàng nhanh siêu cấp tốc, đóng gói cẩn thận 2 lớp chống sốc.",1
Shop hoàn toàn rách không mua nữa,0
Đóng gói thật sự rách !,0
Sản phẩm rất nhỏ trả hàng gấp,0
"Đóng gói hời hợt làm hộp móp méo, sản phẩm bên trong bị trầy xước.",0
Thái độ rất mỏng 😡,0
Đóng gói rất đẹp 5 sao,1
Shop thật sự nhiệt tình luôn,1
Chất lượng siêu chắc chắn nhé,1
Shop cực kỳ đáng tiền luôn,1
Kích thước hơi nhỏ né gấp nha,0
"Chất lượng sản phẩm tuyệt vời, vải dày dặn mặc cực thích nha.",1
"Đóng gói hời hợt làm hộp móp méo, sản phẩm bên trong bị trầy xước.",0
"Vải mỏng dính như tờ giấy, đường chỉ may lỗi tùm lum, thất vọng.",0
"Đóng gói hời hợt làm hộp móp méo, sản phẩm bên trong bị trầy xước.",0
Sản phẩm siêu đáng tiền luôn,1
"Giao hàng nhanh siêu cấp tốc, đóng gói cẩn thận 2 lớp chống sốc.",1
Đóng gói vô cùng xịn xò ưng bụng,1
Đóng gói siêu đẹp 5 sao,1
Shop rất chắc chắn chúc shop đắt hàng,1
"Lừa đảo nha mọi người, hàng nhận về không giống mô tả tí nào cả.",0
Sản phẩm quá mỏng không mua nữa,0
Shop cực kỳ đắt né gấp nha,0
Shop siêu đẹp luôn,1
"Đáng tiền cực kỳ, săn được đợt sale giá rẻ mà hàng nhận xịn xò lắm.",1
Shop vô cùng chuẩn form chúc shop đắt hàng,1
Thái độ hơi chậm trả hàng gấp,0
Giao hàng thật sự nhiệt tình 5 sao,1
Chất lượng cực kỳ nhiệt tình 5 sao,1
Giao hàng hơi lỗi phí tiền,0
Giao hàng hơi lỗi 😡,0
Chất lượng rất tốt nhé,1
"Đóng gói hời hợt làm hộp móp méo, sản phẩm bên trong bị trầy xước.",0
Shop rất nhanh ❤️,1
Chất lượng cực kỳ thơm ủng hộ tiếp,1
Shop thật sự nhiệt tình luôn,1
Đóng gói khá chắc chắn nha,1
"Đóng gói hời hợt làm hộp móp méo, sản phẩm bên trong bị trầy xước.",0
Giá cả vô cùng nhiệt tình chúc shop đắt hàng,1
Giá cả vô cùng nhiệt tình chúc shop đắt hàng,1
Đóng gói rất rách lừa đảo,0
"Giao sai mẫu sai màu, nhắn tin hoàn hàng thì shop không thèm rep.",0
"Đóng gói hời hợt làm hộp móp méo, sản phẩm bên trong bị trầy xước.",0
Sản phẩm cực kỳ đáng tiền ưng bụng,1
Shop hoàn toàn bẩn né gấp nha,0
"Đáng tiền cực kỳ, săn được đợt sale giá rẻ mà hàng nhận xịn xò lắm.",1
Chất vải cực kỳ lỗi né gấp nha,0
"Chất lượng sản phẩm tuyệt vời, vải dày dặn mặc cực thích nha.",1
"Chất lượng sản phẩm tuyệt vời, vải dày dặn mặc cực thích nha.",1
Sản phẩm siêu nhanh nhé,1
Sản phẩm siêu tốt nha,1
"Đáng tiền cực kỳ, săn được đợt sale giá rẻ mà hàng nhận xịn xò lắm.",1
Chất lượng khá xịn xò 5 sao,1
Đế giày thật sự khó chịu 😡,0
Kích thước quá tệ trả hàng gấp,0
Shop siêu đẹp ưng bụng,1
Shop siêu nhiệt tình nha,1
"Đợi giao hàng mất hơn 10 ngày mà nhận về sản phẩm lỗi, phí tiền.",0
"Giao hàng nhanh siêu cấp tốc, đóng gói cẩn thận 2 lớp chống sốc.",1
Sản phẩm cực kỳ đáng tiền 5 sao,1
"Chất lượng sản phẩm tuyệt vời, vải dày dặn mặc cực thích nha.",1
Chất vải siêu nhiệt tình nhé,1
Kích thước rất tệ né gấp nha,0
Màu sắc rất xịn xò nhé,1
Thái độ hoàn toàn bẩn 😡,0
Chất vải cực kỳ đẹp nha,1
Giá cả khá đáng tiền ưng bụng,1
Chất lượng cực kỳ tốt chúc shop đắt hàng,1
Shop quá nhỏ 😡,0
Giao hàng hơi mỏng né gấp nha,0
Chất vải thật sự xịn xò ủng hộ tiếp,1
"Nhận hàng ưng bụng dã man, thơm phức luôn, cho shop 5 sao!",1
Giao hàng rất chắc chắn nhé,1
Sản phẩm cực kỳ chắc chắn nha,1
Chất lượng khá xịn xò ủng hộ tiếp,1
Giá cả rất nhanh 5 sao,1
Chất vải hoàn toàn mỏng thất vọng,0
Sản phẩm hơi khác hình không mua nữa,0
Đóng gói quá mỏng 😡,0
Sản phẩm rất lỗi né gấp nha,0
Đế giày hoàn toàn nhỏ !,0
Shop rất chắc chắn chúc shop đắt hàng,1
Shop khá đáng tiền ưng bụng,1
Chất vải cực kỳ chậm không mua nữa,0
Sản phẩm cực kỳ nhiệt tình ủng hộ tiếp,1
"Nhận hàng ưng bụng dã man, thơm phức luôn, cho shop 5 sao!",1
Chất vải hoàn toàn lỗi phí tiền,0
Kích thước rất nhỏ !,0
"Giao hàng nhanh siêu cấp tốc, đóng gói cẩn thận 2 lớp chống sốc.",1
Đế giày hoàn toàn bẩn !,0
Chất lượng vô cùng đẹp luôn,1
Màu sắc cực kỳ chắc chắn ❤️,1
Chất lượng cực kỳ thơm ưng bụng,1
Sản phẩm cực kỳ nhỏ thất vọng,0
Chất vải cực kỳ chậm lừa đảo,0
Shop rất tệ 😡,0
Chất vải vô cùng tốt luôn,1
Đế giày hoàn toàn tệ không mua nữa,0
Shop khá xịn xò chúc shop đắt hàng,1
Đóng gói rất thơm ưng bụng,1
"Đóng gói hời hợt làm hộp móp méo, sản phẩm bên trong bị trầy xước.",0
"Giao hàng nhanh siêu cấp tốc, đóng gói cẩn thận 2 lớp chống sốc.",1
Shop hoàn toàn khó chịu phí tiền,0
Chất vải hoàn toàn tệ không mua nữa,0
Thái độ hơi chậm không mua nữa,0
Đóng gói cực kỳ nhanh 5 sao,1
Shop cực kỳ đẹp ưng bụng,1
Shop rất chuẩn form chúc shop đắt hàng,1
Shop vô cùng chuẩn form chúc shop đắt hàng,1
Thái độ quá đắt né gấp nha,0
Sản phẩm siêu tốt ❤️,1
Đóng gói quá nhỏ né gấp nha,0
Thái độ cực kỳ khác hình né gấp nha,0
Chất vải hoàn toàn bẩn phí tiền,0
"Đợi giao hàng mất hơn 10 ngày mà nhận về sản phẩm lỗi, phí tiền.",0
Sản phẩm thật sự xịn xò nhé,1
"Đóng gói hời hợt làm hộp móp méo, sản phẩm bên trong bị trầy xước.",0
Chất lượng khá tốt ủng hộ tiếp,1
Thái độ quá khác hình phí tiền,0
Màu sắc siêu thơm luôn,1
Kích thước thật sự nhỏ trả hàng gấp,0
Sản phẩm quá mỏng né gấp nha,0
Chất vải khá tốt luôn,1
Màu sắc cực kỳ thơm luôn,1
Chất lượng cực kỳ đẹp ủng hộ tiếp,1
Chất vải cực kỳ chuẩn form chúc shop đắt hàng,1
Màu sắc rất tốt chúc shop đắt hàng,1
Thái độ quá tệ 😡,0
Sản phẩm cực kỳ chậm không mua nữa,0
Chất lượng vô cùng chắc chắn ủng hộ tiếp,1
Đế giày quá lỗi thất vọng,0
"Vải mỏng dính như tờ giấy, đường chỉ may lỗi tùm lum, thất vọng.",0
Shop hoàn toàn rách lừa đảo,0
"Giao hàng nhanh siêu cấp tốc, đóng gói cẩn thận 2 lớp chống sốc.",1
Shop rất tệ không mua nữa,0
Shop quá đắt trả hàng gấp,0
Đế giày quá nhỏ 😡,0
Đóng gói thật sự khác hình phí tiền,0
"Chất lượng sản phẩm tuyệt vời, vải dày dặn mặc cực thích nha.",1
Giao hàng vô cùng chuẩn form nha,1
"Đợi giao hàng mất hơn 10 ngày mà nhận về sản phẩm lỗi, phí tiền.",0
Giao hàng rất đẹp chúc shop đắt hàng,1
Đế giày quá mỏng thất vọng,0
Chất vải siêu nhiệt tình ủng hộ tiếp,1
Shop hoàn toàn chậm không mua nữa,0
Shop khá chắc chắn ủng hộ tiếp,1
Kích thước cực kỳ nhỏ phí tiền,0
Shop hơi bẩn 😡,0
"Đóng gói hời hợt làm hộp móp méo, sản phẩm bên trong bị trầy xước.",0
Thái độ quá lỗi !,0
Kích thước rất đắt trả hàng gấp,0
"Đóng gói hời hợt làm hộp móp méo, sản phẩm bên trong bị trầy xước.",0
Sản phẩm thật sự nhiệt tình nhé,1
Shop cực kỳ khó chịu thất vọng,0
Chất lượng khá tốt 5 sao,1
Đóng gói rất nhiệt tình luôn,1
Kích thước rất bẩn !,0
Sản phẩm hơi tệ không mua nữa,0
Đế giày thật sự nhỏ thất vọng,0
"Shop tư vấn size nhiệt tình dễ thương, sẽ ủng hộ thêm nhiều lần.",1
Chất vải thật sự đắt 😡,0
"Chất lượng sản phẩm tuyệt vời, vải dày dặn mặc cực thích nha.",1
Đóng gói hơi khác hình không mua nữa,0
"Giao sai mẫu sai màu, nhắn tin hoàn hàng thì shop không thèm rep.",0
Thái độ thật sự lỗi 😡,0
Chất lượng cực kỳ đẹp ủng hộ tiếp,1
Đóng gói khá tốt 5 sao,1
Đóng gói rất tốt 5 sao,1
Giao hàng rất khó chịu 😡,0
Shop thật sự mỏng phí tiền,0
Sản phẩm siêu thơm 5 sao,1
Đóng gói rất bẩn thất vọng,0
Thái độ quá bẩn !,0
Giao hàng hoàn toàn chậm phí tiền,0
Thái độ thật sự nhỏ phí tiền,0
Đóng gói siêu xịn xò nhé,1
"Giao hàng nhanh siêu cấp tốc, đóng gói cẩn thận 2 lớp chống sốc.",1
Shop siêu đáng tiền 5 sao,1
Màu sắc rất đẹp ❤️,1
Giao hàng cực kỳ đáng tiền 5 sao,1
Sản phẩm hơi khác hình né gấp nha,0
Kích thước hoàn toàn khó chịu né gấp nha,0
Shop hoàn toàn đắt phí tiền,0
"Giao sai mẫu sai màu, nhắn tin hoàn hàng thì shop không thèm rep.",0
"Đáng tiền cực kỳ, săn được đợt sale giá rẻ mà hàng nhận xịn xò lắm.",1
Shop rất chuẩn form ủng hộ tiếp,1
Chất vải thật sự mỏng phí tiền,0
Kích thước rất tệ 😡,0
Sản phẩm khá chuẩn form ủng hộ tiếp,1
"Đáng tiền cực kỳ, săn được đợt sale giá rẻ mà hàng nhận xịn xò lắm.",1
Shop thật sự khó chịu !,0
Giao hàng cực kỳ bẩn 😡,0
"Đóng gói hời hợt làm hộp móp méo, sản phẩm bên trong bị trầy xước.",0
Màu sắc khá đẹp luôn,1
Đế giày quá đắt 😡,0
Đế giày hơi chậm né gấp nha,0
Sản phẩm hơi tệ lừa đảo,0
"Nhận hàng ưng bụng dã man, thơm phức luôn, cho shop 5 sao!",1
Shop rất đắt 😡,0
Kích thước hoàn toàn bẩn 😡,0
Đóng gói thật sự đắt lừa đảo,0
"Chất lượng sản phẩm tuyệt vời, vải dày dặn mặc cực thích nha.",1
Sản phẩm thật sự bẩn thất vọng,0
Shop hoàn toàn khó chịu 😡,0
Màu sắc thật sự đẹp ❤️,1
Sản phẩm hơi tệ lừa đảo,0
Sản phẩm thật sự lỗi phí tiền,0
Kích thước cực kỳ chậm né gấp nha,0
"Chất lượng sản phẩm tuyệt vời, vải dày dặn mặc cực thích nha.",1
Chất lượng khá chắc chắn ủng hộ tiếp,1
Giá cả cực kỳ đẹp nhé,1
Giao hàng rất mỏng !,0
Shop khá đẹp ưng bụng,1
Chất lượng siêu tốt chúc shop đắt hàng,1
Đế giày hoàn toàn lỗi không mua nữa,0
Kích thước cực kỳ bẩn thất vọng,0
"Đáng tiền cực kỳ, săn được đợt sale giá rẻ mà hàng nhận xịn xò lắm.",1
"Đáng tiền cực kỳ, săn được đợt sale giá rẻ mà hàng nhận xịn xò lắm.",1
Chất vải khá nhanh ❤️,1
Màu sắc khá thơm 5 sao,1
"Shop tư vấn size nhiệt tình dễ thương, sẽ ủng hộ thêm nhiều lần.",1
Giao hàng cực kỳ đáng tiền ưng bụng,1
"Lừa đảo nha mọi người, hàng nhận về không giống mô tả tí nào cả.",0
Giá cả rất nhiệt tình ưng bụng,1
Màu sắc rất nhiệt tình ưng bụng,1
Giao hàng hơi chậm !,0
Chất lượng vô cùng đẹp 5 sao,1
Sản phẩm vô cùng đáng tiền nha,1
"Đóng gói hời hợt làm hộp móp méo, sản phẩm bên trong bị trầy xước.",0
Màu sắc vô cùng nhiệt tình nhé,1
Kích thước hơi mỏng 😡,0
Màu sắc siêu đáng tiền luôn,1
Giao hàng thật sự đáng tiền chúc shop đắt hàng,1
"Giao hàng nhanh siêu cấp tốc, đóng gói cẩn thận 2 lớp chống sốc.",1
"Nhận hàng ưng bụng dã man, thơm phức luôn, cho shop 5 sao!",1
"Đáng tiền cực kỳ, săn được đợt sale giá rẻ mà hàng nhận xịn xò lắm.",1
"Đóng gói hời hợt làm hộp móp méo, sản phẩm bên trong bị trầy xước.",0
Shop quá tệ trả hàng gấp,0
Kích thước quá mỏng 😡,0
"Giao sai mẫu sai màu, nhắn tin hoàn hàng thì shop không thèm rep.",0
Đóng gói siêu thơm 5 sao,1
"Nhận hàng ưng bụng dã man, thơm phức luôn, cho shop 5 sao!",1
Giao hàng thật sự nhiệt tình luôn,1
Đóng gói rất thơm luôn,1
Chất vải rất nhanh ủng hộ tiếp,1
Chất vải quá chậm phí tiền,0
Chất vải hoàn toàn mỏng thất vọng,0
Đế giày quá rách phí tiền,0
Màu sắc rất nhiệt tình chúc shop đắt hàng,1
"Đáng tiền cực kỳ, săn được đợt sale giá rẻ mà hàng nhận xịn xò lắm.",1
Shop cực kỳ chuẩn form ưng bụng,1
Shop hoàn toàn bẩn 😡,0
"Nhận hàng ưng bụng dã man, thơm phức luôn, cho shop 5 sao!",1
Đóng gói cực kỳ chậm phí tiền,0
"Nhận hàng ưng bụng dã man, thơm phức luôn, cho shop 5 sao!",1
Sản phẩm cực kỳ khó chịu phí tiền,0
Kích thước rất chậm 😡,0
"Vải mỏng dính như tờ giấy, đường chỉ may lỗi tùm lum, thất vọng.",0
Chất lượng cực kỳ đẹp nha,1
Giao hàng cực kỳ thơm nha,1
Shop thật sự mỏng !,0
Thái độ hoàn toàn đắt thất vọng,0
Chất vải hoàn toàn đắt không mua nữa,0
Đóng gói hơi lỗi né gấp nha,0
Sản phẩm rất tốt chúc shop đắt hàng,1
Shop hơi khó chịu phí tiền,0
Shop rất thơm ủng hộ tiếp,1
Shop hơi rách lừa đảo,0
Đế giày cực kỳ tệ thất vọng,0
Màu sắc rất tốt nha,1
Shop cực kỳ lỗi trả hàng gấp,0
Chất vải cực kỳ bẩn thất vọng,0
Shop thật sự chuẩn form ưng bụng,1
Thái độ hoàn toàn khác hình 😡,0
Đóng gói hơi nhỏ thất vọng,0
Chất vải cực kỳ chuẩn form ủng hộ tiếp,1
"Lừa đảo nha mọi người, hàng nhận về không giống mô tả tí nào cả.",0
"Nhận hàng ưng bụng dã man, thơm phức luôn, cho shop 5 sao!",1
Giao hàng cực kỳ đáng tiền nha,1
Sản phẩm thật sự tệ lừa đảo,0
Sản phẩm rất khác hình không mua nữa,0
Sản phẩm rất tốt nha,1
Chất lượng rất tốt ưng bụng,1
Thái độ quá đắt thất vọng,0
Đóng gói siêu xịn xò chúc shop đắt hàng,1
Shop hoàn toàn rách trả hàng gấp,0
Kích thước thật sự chậm né gấp nha,0
Shop siêu chuẩn form nha,1
Giao hàng rất khó chịu 😡,0
Kích thước quá mỏng trả hàng gấp,0
Chất vải khá chắc chắn ưng bụng,1
Đóng gói hoàn toàn khác hình !,0
Đế giày cực kỳ chậm !,0
Thái độ hơi bẩn né gấp nha,0
Chất vải rất bẩn phí tiền,0
Thái độ hoàn toàn chậm thất vọng,0
"Nhận hàng ưng bụng dã man, thơm phức luôn, cho shop 5 sao!",1
Chất vải khá nhiệt tình ❤️,1
Shop cực kỳ khác hình 😡,0
Thái độ hơi rách trả hàng gấp,0
"Chất lượng sản phẩm tuyệt vời, vải dày dặn mặc cực thích nha.",1
Đóng gói quá nhỏ lừa đảo,0
"Đợi giao hàng mất hơn 10 ngày mà nhận về sản phẩm lỗi, phí tiền.",0
Đóng gói hơi mỏng né gấp nha,0
"Đáng tiền cực kỳ, săn được đợt sale giá rẻ mà hàng nhận xịn xò lắm.",1
"Giao hàng nhanh siêu cấp tốc, đóng gói cẩn thận 2 lớp chống sốc.",1
"Giao sai mẫu sai màu, nhắn tin hoàn hàng thì shop không thèm rep.",0
Kích thước thật sự bẩn lừa đảo,0
"Đợi giao hàng mất hơn 10 ngày mà nhận về sản phẩm lỗi, phí tiền.",0
Chất vải khá đáng tiền nhé,1
"Đợi giao hàng mất hơn 10 ngày mà nhận về sản phẩm lỗi, phí tiền.",0
Giá cả siêu thơm nha,1
Sản phẩm hoàn toàn khó chịu không mua nữa,0
Giao hàng hoàn toàn tệ 😡,0
Chất vải cực kỳ xịn xò ủng hộ tiếp,1
Chất vải cực kỳ đắt phí tiền,0
Chất vải cực kỳ rách không mua nữa,0
Đóng gói vô cùng đẹp ủng hộ tiếp,1
Giá cả thật sự nhanh nha,1
Shop thật sự tốt chúc shop đắt hàng,1
Giá cả rất tốt nhé,1
Chất vải thật sự rách né gấp nha,0
Chất lượng cực kỳ đáng tiền nhé,1
Chất lượng rất nhiệt tình luôn,1
Đóng gói vô cùng nhiệt tình ❤️,1
Đế giày quá rách né gấp nha,0
Đóng gói hoàn toàn rách né gấp nha,0
Đóng gói cực kỳ khác hình không mua nữa,0
Màu sắc khá xịn xò nha,1
"Vải mỏng dính như tờ giấy, đường chỉ may lỗi tùm lum, thất vọng.",0
Đóng gói rất nhiệt tình luôn,1
Thái độ cực kỳ nhỏ né gấp nha,0
"Shop tư vấn size nhiệt tình dễ thương, sẽ ủng hộ thêm nhiều lần.",1
Giá cả thật sự nhanh nhé,1
Giao hàng vô cùng thơm ủng hộ tiếp,1
Thái độ rất rách !,0
"Giao hàng nhanh siêu cấp tốc, đóng gói cẩn thận 2 lớp chống sốc.",1
Chất lượng rất tốt nha,1
Shop hoàn toàn khác hình 😡,0
Sản phẩm quá bẩn thất vọng,0
Đế giày rất bẩn trả hàng gấp,0
Chất lượng siêu nhiệt tình nhé,1
Chất vải khá đẹp ủng hộ tiếp,1
"Đợi giao hàng mất hơn 10 ngày mà nhận về sản phẩm lỗi, phí tiền.",0
Chất vải hơi lỗi trả hàng gấp,0
Đế giày rất khó chịu 😡,0
"Đóng gói hời hợt làm hộp móp méo, sản phẩm bên trong bị trầy xước.",0
"Giao sai mẫu sai màu, nhắn tin hoàn hàng thì shop không thèm rep.",0
"Lừa đảo nha mọi người, hàng nhận về không giống mô tả tí nào cả.",0
"Đóng gói hời hợt làm hộp móp méo, sản phẩm bên trong bị trầy xước.",0
Chất lượng cực kỳ nhiệt tình ủng hộ tiếp,1
"Đợi giao hàng mất hơn 10 ngày mà nhận về sản phẩm lỗi, phí tiền.",0
"Đợi giao hàng mất hơn 10 ngày mà nhận về sản phẩm lỗi, phí tiền.",0
Chất lượng vô cùng xịn xò ưng bụng,1
"Nhận hàng ưng bụng dã man, thơm phức luôn, cho shop 5 sao!",1
Màu sắc vô cùng chắc chắn 5 sao,1
Kích thước hoàn toàn đắt !,0
Sản phẩm thật sự nhiệt tình ưng bụng,1
Shop khá đáng tiền 5 sao,1
Giao hàng siêu chuẩn form ưng bụng,1
Chất lượng khá xịn xò nhé,1
Màu sắc khá đáng tiền chúc shop đắt hàng,1
Chất vải cực kỳ chậm trả hàng gấp,0
Sản phẩm thật sự nhỏ né gấp nha,0
Giá cả rất xịn xò luôn,1
Giao hàng khá nhanh ủng hộ tiếp,1
Chất vải thật sự nhanh luôn,1
Shop cực kỳ đắt không mua nữa,0
Giá cả thật sự xịn xò ❤️,1
Đóng gói hơi mỏng thất vọng,0
Sản phẩm rất xịn xò 5 sao,1
Giao hàng cực kỳ chắc chắn nhé,1
Kích thước cực kỳ bẩn thất vọng,0
Đế giày rất đắt trả hàng gấp,0
Giá cả rất nhiệt tình ưng bụng,1
Sản phẩm khá thơm ❤️,1
Màu sắc siêu thơm nha,1
Giá cả khá chuẩn form chúc shop đắt hàng,1
Chất lượng rất nhiệt tình chúc shop đắt hàng,1
"Đóng gói hời hợt làm hộp móp méo, sản phẩm bên trong bị trầy xước.",0
Kích thước quá đắt né gấp nha,0
"Vải mỏng dính như tờ giấy, đường chỉ may lỗi tùm lum, thất vọng.",0
Shop siêu thơm ủng hộ tiếp,1
Giá cả thật sự thơm nha,1
"Đóng gói hời hợt làm hộp móp méo, sản phẩm bên trong bị trầy xước.",0
Shop hơi tệ không mua nữa,0
Chất vải quá chậm thất vọng,0
Shop thật sự rách 😡,0
Đóng gói thật sự nhỏ phí tiền,0
Sản phẩm hoàn toàn lỗi 😡,0
"Vải mỏng dính như tờ giấy, đường chỉ may lỗi tùm lum, thất vọng.",0
"Đợi giao hàng mất hơn 10 ngày mà nhận về sản phẩm lỗi, phí tiền.",0
Giá cả cực kỳ đáng tiền chúc shop đắt hàng,1
Shop hoàn toàn chậm phí tiền,0
Shop cực kỳ đắt phí tiền,0
"Shop tư vấn size nhiệt tình dễ thương, sẽ ủng hộ thêm nhiều lần.",1
"Đáng tiền cực kỳ, săn được đợt sale giá rẻ mà hàng nhận xịn xò lắm.",1
Đế giày hơi chậm 😡,0
Sản phẩm hoàn toàn nhỏ phí tiền,0
"Lừa đảo nha mọi người, hàng nhận về không giống mô tả tí nào cả.",0
"Nhận hàng ưng bụng dã man, thơm phức luôn, cho shop 5 sao!",1
Shop hơi tệ phí tiền,0
Đóng gói khá chuẩn form chúc shop đắt hàng,1
"Giao hàng nhanh siêu cấp tốc, đóng gói cẩn thận 2 lớp chống sốc.",1
Giao hàng khá đáng tiền luôn,1
Giao hàng vô cùng chắc chắn ❤️,1
"Đợi giao hàng mất hơn 10 ngày mà nhận về sản phẩm lỗi, phí tiền.",0
Kích thước hoàn toàn lỗi 😡,0
Đóng gói thật sự bẩn trả hàng gấp,0
Đóng gói vô cùng chắc chắn ❤️,1
"Đợi giao hàng mất hơn 10 ngày mà nhận về sản phẩm lỗi, phí tiền.",0
Shop rất lỗi né gấp nha,0
"Chất lượng sản phẩm tuyệt vời, vải dày dặn mặc cực thích nha.",1
Sản phẩm rất khó chịu không mua nữa,0
Sản phẩm thật sự đẹp ủng hộ tiếp,1
Giao hàng vô cùng chuẩn form chúc shop đắt hàng,1
Đóng gói hoàn toàn nhỏ không mua nữa,0
Giá cả thật sự thơm chúc shop đắt hàng,1
Sản phẩm quá mỏng lừa đảo,0
"Vải mỏng dính như tờ giấy, đường chỉ may lỗi tùm lum, thất vọng.",0
Kích thước quá đắt 😡,0
Thái độ quá tệ !,0
"Đợi giao hàng mất hơn 10 ngày mà nhận về sản phẩm lỗi, phí tiền.",0
Đóng gói quá khó chịu né gấp nha,0
Sản phẩm hoàn toàn đắt 😡,0
Chất vải rất bẩn lừa đảo,0
Shop rất lỗi phí tiền,0
Giá cả vô cùng đáng tiền ưng bụng,1
Đế giày quá đắt không mua nữa,0
"Shop tư vấn size nhiệt tình dễ thương, sẽ ủng hộ thêm nhiều lần.",1
"Chất lượng sản phẩm tuyệt vời, vải dày dặn mặc cực thích nha.",1
Giá cả cực kỳ thơm ưng bụng,1
Giá cả khá đẹp ưng bụng,1
Giao hàng hơi rách !,0
"Chất lượng sản phẩm tuyệt vời, vải dày dặn mặc cực thích nha.",1
Shop vô cùng xịn xò nhé,1
"Vải mỏng dính như tờ giấy, đường chỉ may lỗi tùm lum, thất vọng.",0
Shop cực kỳ chuẩn form ủng hộ tiếp,1
Giao hàng quá chậm !,0
"Nhận hàng ưng bụng dã man, thơm phức luôn, cho shop 5 sao!",1
Chất lượng siêu tốt ưng bụng,1
Đóng gói thật sự chắc chắn nha,1
Chất vải quá tệ !,0
Sản phẩm cực kỳ chắc chắn 5 sao,1
Đóng gói hoàn toàn rách phí tiền,0
Đóng gói siêu chắc chắn luôn,1
Chất vải hoàn toàn lỗi lừa đảo,0
Chất lượng siêu xịn xò 5 sao,1
Chất vải thật sự nhanh ❤️,1
Đóng gói siêu xịn xò nhé,1
Đóng gói cực kỳ đẹp 5 sao,1
Chất vải cực kỳ khó chịu !,0
Đóng gói hơi lỗi !,0
Chất vải siêu nhanh ủng hộ tiếp,1
Giao hàng rất chuẩn form ưng bụng,1
Giao hàng cực kỳ chuẩn form chúc shop đắt hàng,1
Shop cực kỳ rách trả hàng gấp,0
"Nhận hàng ưng bụng dã man, thơm phức luôn, cho shop 5 sao!",1
"Shop tư vấn size nhiệt tình dễ thương, sẽ ủng hộ thêm nhiều lần.",1
Đóng gói cực kỳ khó chịu thất vọng,0
Sản phẩm cực kỳ thơm chúc shop đắt hàng,1
"Giao hàng nhanh siêu cấp tốc, đóng gói cẩn thận 2 lớp chống sốc.",1
Giao hàng quá chậm né gấp nha,0
"Vải mỏng dính như tờ giấy, đường chỉ may lỗi tùm lum, thất vọng.",0
Sản phẩm thật sự nhiệt tình 5 sao,1
Chất vải cực kỳ đáng tiền 5 sao,1
Kích thước hơi chậm thất vọng,0
Chất vải khá chuẩn form ❤️,1
Sản phẩm thật sự tốt nha,1
Shop rất nhanh nha,1
Kích thước thật sự chậm !,0
Chất lượng vô cùng chắc chắn ủng hộ tiếp,1
Màu sắc vô cùng thơm ủng hộ tiếp,1
Shop cực kỳ nhỏ lừa đảo,0
Giá cả rất tốt nha,1
Shop siêu nhanh ưng bụng,1
Giá cả siêu chuẩn form 5 sao,1
"Vải mỏng dính như tờ giấy, đường chỉ may lỗi tùm lum, thất vọng.",0
"Đáng tiền cực kỳ, săn được đợt sale giá rẻ mà hàng nhận xịn xò lắm.",1
Shop siêu nhanh nhé,1
Đóng gói hoàn toàn mỏng không mua nữa,0
Giao hàng rất tệ thất vọng,0
Kích thước rất lỗi không mua nữa,0
Đóng gói rất thơm 5 sao,1
Chất lượng rất chắc chắn nha,1
Giao hàng rất thơm 5 sao,1
Chất lượng vô cùng đáng tiền nhé,1
Đế giày quá nhỏ trả hàng gấp,0
Giá cả cực kỳ tốt nhé,1
Chất lượng cực kỳ thơm nhé,1
Shop thật sự tốt ❤️,1
Sản phẩm cực kỳ mỏng thất vọng,0
Đế giày cực kỳ khác hình né gấp nha,0
Shop cực kỳ chuẩn form 5 sao,1
Đế giày hoàn toàn mỏng trả hàng gấp,0
Đế giày thật sự nhỏ phí tiền,0
Giao hàng quá đắt 😡,0
Đế giày rất khó chịu phí tiền,0
Màu sắc vô cùng nhiệt tình 5 sao,1
Chất lượng siêu chắc chắn luôn,1
"Vải mỏng dính như tờ giấy, đường chỉ may lỗi tùm lum, thất vọng.",0
Thái độ hơi mỏng !,0
Chất lượng vô cùng thơm ❤️,1
Đóng gói vô cùng đẹp chúc shop đắt hàng,1
Giao hàng quá khó chịu lừa đảo,0
Kích thước cực kỳ nhỏ né gấp nha,0
Shop cực kỳ khác hình không mua nữa,0
Sản phẩm rất bẩn !,0
Giao hàng rất đẹp ủng hộ tiếp,1
Shop rất khó chịu 😡,0
Chất lượng thật sự chắc chắn ưng bụng,1
Giao hàng rất bẩn không mua nữa,0
Chất vải siêu đáng tiền 5 sao,1
Sản phẩm hoàn toàn tệ phí tiền,0
Đóng gói siêu đáng tiền ủng hộ tiếp,1
Màu sắc rất đáng tiền luôn,1
Chất vải rất rách phí tiền,0
"Nhận hàng ưng bụng dã man, thơm phức luôn, cho shop 5 sao!",1
Kích thước thật sự tệ né gấp nha,0
"Đáng tiền cực kỳ, săn được đợt sale giá rẻ mà hàng nhận xịn xò lắm.",1
"Đợi giao hàng mất hơn 10 ngày mà nhận về sản phẩm lỗi, phí tiền.",0
Đóng gói rất đắt không mua nữa,0
Kích thước rất đắt thất vọng,0
Chất lượng khá xịn xò ❤️,1
Giao hàng cực kỳ xịn xò 5 sao,1
"Shop tư vấn size nhiệt tình dễ thương, sẽ ủng hộ thêm nhiều lần.",1
Kích thước hơi tệ trả hàng gấp,0
Sản phẩm cực kỳ đắt không mua nữa,0
Đóng gói cực kỳ xịn xò nhé,1
Đóng gói cực kỳ chắc chắn nhé,1
Giá cả cực kỳ đáng tiền ❤️,1
Đóng gói rất đắt lừa đảo,0
Sản phẩm rất mỏng né gấp nha,0
Đế giày cực kỳ đắt thất vọng,0
Đế giày quá mỏng phí tiền,0
Giao hàng quá đắt 😡,0
Đế giày quá tệ thất vọng,0
"Chất lượng sản phẩm tuyệt vời, vải dày dặn mặc cực thích nha.",1
"Đợi giao hàng mất hơn 10 ngày mà nhận về sản phẩm lỗi, phí tiền.",0
Giá cả thật sự nhiệt tình ❤️,1
Chất vải khá thơm nha,1
Shop thật sự đáng tiền nhé,1
Giao hàng thật sự bẩn 😡,0
Kích thước hơi bẩn !,0
Sản phẩm hơi đắt không mua nữa,0
Shop rất nhanh nha,1
"Shop tư vấn size nhiệt tình dễ thương, sẽ ủng hộ thêm nhiều lần.",1
Chất vải hoàn toàn tệ 😡,0
Đóng gói hơi mỏng thất vọng,0
Chất vải khá chắc chắn nha,1
Sản phẩm rất nhanh chúc shop đắt hàng,1
Sản phẩm cực kỳ chậm phí tiền,0
Chất lượng siêu chuẩn form luôn,1
Shop cực kỳ mỏng trả hàng gấp,0
Chất lượng vô cùng thơm ưng bụng,1
Giá cả khá tốt 5 sao,1
"Lừa đảo nha mọi người, hàng nhận về không giống mô tả tí nào cả.",0
Chất vải hơi khác hình thất vọng,0
Đóng gói siêu thơm chúc shop đắt hàng,1
Chất vải quá lỗi lừa đảo,0
Thái độ rất bẩn phí tiền,0
"Đóng gói hời hợt làm hộp móp méo, sản phẩm bên trong bị trầy xước.",0
Chất lượng khá đẹp nhé,1
Giá cả thật sự thơm ưng bụng,1
Giao hàng hơi khác hình trả hàng gấp,0
Đóng gói khá thơm 5 sao,1
Giao hàng cực kỳ nhiệt tình luôn,1
"Shop tư vấn size nhiệt tình dễ thương, sẽ ủng hộ thêm nhiều lần.",1
Sản phẩm cực kỳ tốt chúc shop đắt hàng,1
Shop cực kỳ xịn xò luôn,1
Sản phẩm khá đáng tiền luôn,1
Chất vải rất chắc chắn ưng bụng,1
Shop vô cùng đẹp ưng bụng,1
Giao hàng hơi tệ trả hàng gấp,0
Chất lượng cực kỳ tốt luôn,1
Màu sắc thật sự đẹp chúc shop đắt hàng,1
Giao hàng hoàn toàn rách thất vọng,0
"Giao hàng nhanh siêu cấp tốc, đóng gói cẩn thận 2 lớp chống sốc.",1
Chất vải cực kỳ đáng tiền ❤️,1
Thái độ hoàn toàn chậm phí tiền,0
Giá cả vô cùng đẹp nha,1
Đế giày thật sự chậm 😡,0
Màu sắc thật sự đáng tiền ủng hộ tiếp,1
